school_code,school_name,percent_white,percent_male,percent_eds,percent_swd,title_1,percent_ACTEN_meeting,percent_ACTMA_meeting,percent_ACTRD_meeting,percent_ACTSC_meeting,percent_ACTWR_meeting,percent_ACT_meeting,missed_school_days,region,growth_status,growth_index_score
010324,Eastern Alamance High,57.74647887323944,55.633802816901415,33.80281690140845,9.15492957746479,N,35.2,21.1,26.4,21.8,26.8,51.1,1,Piedmont-Triad,Not Met,-3.09
010348,Graham High,20.155038759689923,44.18604651162791,66.66666666666666,10.077519379844961,N,12.2,7.7,13.2,8.5,8.5,31.8,1,Piedmont-Triad,Met,-0.93
010360,Hugh M Cummings High,4.761904761904762,43.80952380952381,72.38095238095238,10.952380952380953,N,5.7,5.2,6.7,5,8.2,18.1,1,Piedmont-Triad,Met,0.7
010388,Southern Alamance High,71.29909365558912,53.47432024169184,28.3987915407855,8.459214501510575,N,32.6,16,23.3,19.6,16.1,52.9,1,Piedmont-Triad,Met,-1.43
010396,Walter M Williams High,32.28346456692913,50,49.21259842519685,6.692913385826772,N,29.5,18.5,16.9,15,22.7,43.7,1,Piedmont-Triad,Exceeded,7.77
010400,Western Alamance High,68.47826086956522,53.985507246376805,25,5.072463768115942,N,38.4,25.7,34.1,23.2,25,58,1,Piedmont-Triad,Not Met,-2.82
020302,Alexander Central High,80.65693430656934,50,37.22627737226277,9.124087591240876,N,35.1,17.4,22.1,14.2,17.9,51.1,1,Northwest,Met,-1.51
030304,Alleghany High,75.24752475247524,50.495049504950494,53.46534653465347,8.910891089108908,N,29.7,18.8,18.8,13.9,5,43.6,0,Northwest,Met,-1.96
040306,Anson High School,30.714285714285715,54.285714285714285,42.142857142857146,10.714285714285714,N,8.5,5.7,9.9,6.4,5,20,7,Southwest,Not Met,-5.26
050302,Ashe County High,87.17948717948718,52.820512820512825,44.1025641025641,5.128205128205128,N,36.4,21,28.2,23.1,26.9,53.8,1,Northwest,Not Met,-9.07
060302,Avery County High,89.02439024390245,47.5609756097561,52.4390243902439,15.853658536585366,N,12.2,5,13.4,9.8,8.6,28,1,Northwest,Not Met,-2.71
070330,Northside High,71.875,53.125,38.54166666666667,7.2916666666666625,N,37.5,24,17.7,22.9,23.7,54.2,7,Northeast,Met,-1.68
070330,Northside High,71.875,53.125,38.54166666666667,7.2916666666666625,N,37.5,24,17.7,22.9,23.7,54.2,7,Southeast,Exceeded,4.21
070339,Southside High,51.21951219512195,53.65853658536586,51.21951219512195,7.317073170731703,N,19.5,9.8,14.6,14.6,12.2,42.7,7,Northeast,Met,-1.08
070342,Washington High,39.40886699507389,44.33497536945813,52.21674876847291,6.896551724137931,N,21.2,9.9,20.7,9.9,17.8,36.9,7,Northeast,Not Met,-3.05
080312,Bertie High,14.563106796116504,38.83495145631068,51.45631067961165,12.62135922330097,Y,5,5,5,5,8.3,8.7,3,Northeast,Not Met,-4.31
090330,East Bladen High,33.490566037735846,46.69811320754717,68.86792452830188,9.433962264150944,N,24.1,8.5,15.6,12.7,8.1,41,13,Sandhills,Met,-0.37
090368,West Bladen High,45.30386740331492,51.38121546961326,70.1657458563536,6.629834254143646,N,33.7,12.2,24.3,13.3,16.2,44.2,13,Sandhills,Met,-0.6
100326,North Brunswick High,56.734693877551024,55.91836734693878,58.77551020408164,7.755102040816326,N,33.7,15.1,21.6,16.7,13.5,58.8,13,Southeast,Met,1.84
100334,South Brunswick High,79.91266375545851,53.711790393013104,48.90829694323144,8.73362445414847,N,36.1,16.2,32.3,24,20.3,57.6,13,Southeast,Met,-0.83
100348,West Brunswick High,67.17791411042946,50,55.52147239263804,5.214723926380368,N,25.1,16.3,24.8,17.2,17.4,51.5,13,Southeast,Not Met,-3.85
110303,Community High School,66.66666666666666,44.44444444444444,96.29629629629629,25.92592592592593,N,5,5,5,5,5,5,0,Western,Not Met,-4.79
110304,Reynolds High,71.37931034482759,53.79310344827586,32.758620689655174,9.655172413793103,N,36.8,26.1,37.5,27.2,34.3,56.6,0,Western,Exceeded,3.26
110336,Owen High,81.09756097560977,51.829268292682926,42.073170731707314,9.146341463414634,N,51.2,20.1,42.7,17.1,38.5,63.4,0,Western,Exceeded,6.6
110340,Erwin High,59.143968871595334,52.918287937743195,51.36186770428015,8.560311284046692,N,28.4,21.8,23.7,16.3,23.7,47.9,0,Western,Met,1.28
110352,Enka High,70.56277056277057,49.35064935064935,47.18614718614719,9.523809523809524,N,38.1,20.8,38.1,20.3,21.3,58,0,Western,Exceeded,12.61
110380,North Buncombe High,79.46428571428571,51.78571428571429,32.142857142857146,4.464285714285714,N,50.9,35.7,45.5,28.6,33.3,66.5,0,Western,Not Met,-3.22
110416,Roberson High,62.5748502994012,51.49700598802395,30.538922155688624,7.48502994011976,N,51.5,36.5,44.6,31.7,39.8,65.3,0,Western,Met,-0.97
110500,Nesbitt Discovery Academy,82.97872340425532,52.12765957446809,19.148936170212767,0,N,95,91.5,90.4,89.4,84,95,0,Western,Exceeded,6.23
111302,Asheville High,73.19587628865979,53.09278350515464,19.587628865979383,5.670103092783505,N,66.5,43.8,62.9,49,60.9,79.4,0,Western,Not Met,-4.24
111700,School of Inquiry and Life Sciences,57.14285714285714,49.35064935064935,32.467532467532465,7.792207792207795,N,61,37.7,59.7,37.7,56.6,76.6,0,Western,Met,1.09
120314,East Burke High,81.5,55.00000000000001,36.5,7.5,N,51,21,38.5,20.5,35.4,67.5,0,Northwest,Not Met,-2.49
120318,Freedom High,56.97211155378486,51.39442231075697,47.01195219123506,8.366533864541832,N,36.3,21.9,31.9,17.5,24.1,52.6,0,Northwest,Exceeded,2.75
120346,Jimmy C Draughn High School,80.85106382978722,51.06382978723404,36.87943262411347,6.382978723404253,N,52.5,32.6,34,22.7,21.4,64.5,0,Northwest,Not Met,-2.61
120370,Robert L. Patton High School,65.26946107784431,48.50299401197605,38.92215568862276,8.383233532934131,N,47.3,28.1,39.5,25.1,31.5,63.5,0,Northwest,Exceeded,4.26
130307,Cox Mill High School,57.76805251641138,51.85995623632385,10.722100656455142,5.25164113785558,N,62.2,52.4,55.8,42.7,59.5,78.8,1,Southwest,Exceeded,4.01
130310,Central Cabarrus High,48.825065274151434,53.26370757180157,42.297650130548305,5.483028720626632,N,31.5,21.4,25.5,21.1,23.6,48,1,Southwest,Exceeded,3.68
130314,Concord High,45.10489510489511,44.05594405594406,46.50349650349651,9.44055944055944,N,33.8,21.8,31.4,25.9,31.9,47.6,1,Southwest,Exceeded,5.53
130316,Jay M Robinson High,51.291512915129154,54.24354243542435,42.066420664206646,9.59409594095941,N,36.6,26.1,31.9,18.8,38.8,50.9,1,Southwest,Not Met,-2.35
130324,Mount Pleasant High,88.83495145631069,54.85436893203883,24.75728155339806,6.310679611650485,N,31.6,12.6,23.8,16.5,22.4,49,1,Southwest,Not Met,-3.76
130326,Northwest Cabarrus High,51.95729537366548,43.41637010676156,35.587188612099645,8.185053380782918,N,34.4,21.6,31.9,19.9,23.6,54.8,1,Southwest,Exceeded,8.75
130332,Hickory Ridge High,55.97964376590331,52.41730279898219,15.267175572519085,4.071246819338422,N,45.3,37.5,37.6,30.2,32.4,64.9,1,Southwest,Met,1.02
132304,A L Brown High,28.650137741046834,50.413223140495866,29.201101928374655,7.43801652892562,N,18.2,7.7,15.2,8.5,15.1,31.4,1,Southwest,Not Met,-8.05
140305,Caldwell Career Cen Mid. Coll.,84.90566037735849,50.943396226415096,33.9622641509434,1.8867924528301883,N,39.6,24.5,39.6,34,54.7,86.8,1,Northwest,Met,-0.78
140348,Hibriten High,79.23497267759562,44.80874316939891,40.98360655737705,7.103825136612022,N,43.7,24.6,30.1,24,17.6,57.9,1,Northwest,Met,1.01
140386,South Caldwell High,89.31750741839762,48.6646884272997,35.01483679525222,8.011869436201781,N,37.9,21.3,25.1,24.3,13.9,56.1,1,Northwest,Not Met,-2.93
140390,West Caldwell High,64.70588235294117,54.54545454545454,65.24064171122996,7.4866310160427805,N,23.5,9.1,19.3,13.4,18.5,42.8,1,Northwest,Met,0.43
150304,Camden County High,77.01149425287356,52.87356321839081,18.39080459770115,6.896551724137934,N,36.8,13.8,27.6,20.7,22.1,52.9,2,Northeast,Met,-0.68
160313,East Carteret High,82.17821782178217,42.57425742574257,58.415841584158414,8.910891089108908,N,42.6,34.7,39.6,26.7,21,68.3,15,Southeast,Exceeded,9.07
160314,Croatan High,85.71428571428571,54.395604395604394,26.923076923076923,4.94505494505495,N,67.6,45.6,55.5,40.1,40.3,84.6,15,Southeast,Exceeded,6.52
160344,West Carteret High,73.40823970037454,46.81647940074906,46.81647940074906,5.992509363295881,N,62.5,30.7,47.6,38.6,21.1,76.8,15,Southeast,Exceeded,8.48
170316,Bartlett Yancey High,45.33333333333333,54.666666666666664,48,5.333333333333334,N,27.3,12,18.7,14.7,14.1,42,0,Piedmont-Triad,Not Met,-4.4
180308,Bandys High,84.33179723502305,49.30875576036866,26.72811059907834,1.382488479262678,N,56.7,36.4,39.2,33.2,11.6,71.4,1,Northwest,Exceeded,6.21
180320,Bunker Hill High,61.53846153846154,50.480769230769226,50.480769230769226,4.807692307692308,N,31.7,19.2,25.5,18.8,13.5,60.1,1,Northwest,Not Met,-2.29
180325,Challenger Early College High,48.97959183673469,36.734693877551024,36.734693877551024,0,N,72.4,56.1,59.2,51,58.2,95,1,Northwest,Met,1.74
180340,Fred T Foard High,73.80952380952381,44.761904761904766,36.666666666666664,3.809523809523807,N,41.9,26.2,36.7,29.5,19.7,62.4,1,Northwest,Exceeded,3.29
180348,Maiden High,74.16267942583733,46.889952153110045,31.57894736842105,6.698564593301436,N,35.4,25.8,24.9,20.1,21.6,53.6,1,Northwest,Met,0.46
180376,Saint Stephens High,55.51470588235294,47.794117647058826,40.80882352941176,4.779411764705882,N,38.2,26.1,31.6,27.6,24.4,58.8,1,Northwest,Met,1.86
182316,Newton-Conover High,40.27777777777778,61.111111111111114,52.77777777777778,6.944444444444445,N,25,13.2,16.7,19.4,25.2,50.7,1,Northwest,Exceeded,2.02
182700,Discovery High School,62.96296296296296,31.48148148148148,22.22222222222222,0,N,75.9,35.2,68.5,53.7,33.3,94.4,1,Northwest,Met,-0.64
190316,Chatham Central High,71.42857142857143,53.06122448979592,38.775510204081634,7.14285714285714,N,25.5,8.2,18.4,18.4,13.7,46.9,4,North Central,Met,-1.17
190336,Jordan Matthews High,24.043715846994534,50.27322404371585,73.77049180327869,7.103825136612022,N,24.6,12.6,19.1,13.7,25.7,44.8,4,North Central,Exceeded,2.11
190342,Northwood High,65.33742331288343,44.785276073619634,22.699386503067483,8.282208588957054,N,61.3,42,53.7,42.9,48.6,75.5,4,North Central,Met,0.68
200308,Andrews High,81.3953488372093,53.48837209302325,51.162790697674424,16.279069767441857,N,27.9,5,18.6,9.3,16.7,37.2,0,Western,Met,1.68
200314,Hiwassee Dam High,92.3076923076923,33.33333333333333,66.66666666666666,7.692307692307687,N,61.5,28.2,48.7,15.4,10.3,71.8,0,Western,Met,1.07
200328,Murphy High,85.08771929824562,39.473684210526315,44.73684210526316,6.140350877192979,N,36,10.5,27.2,13.2,11.6,48.2,0,Western,Not Met,-6.17
210312,John A Holmes High,49.65986394557823,48.29931972789115,49.65986394557823,11.564625850340136,N,21.8,11.6,17.7,11.6,14.8,38.1,3,Northeast,Met,-0.99
220310,Hayesville High,93.82716049382715,62.96296296296296,37.03703703703704,6.172839506172845,N,45.7,18.5,29.6,24.7,19.8,59.3,0,Western,Met,0.59
230312,Burns High,73.61702127659574,52.34042553191489,42.97872340425532,14.468085106382977,N,21.7,16.2,18.3,12.3,15.1,40,0,Southwest,Not Met,-5.53
230324,Crest High,65.45454545454545,47.27272727272727,40.909090909090914,8.636363636363637,N,30,17.7,25.5,12.3,8.8,49.5,0,Southwest,Not Met,-6.05
230350,Kings Mountain High,68.32740213523132,46.97508896797153,41.99288256227758,8.540925266903916,N,36.7,23.8,25.6,19.9,19.1,54.4,0,Southwest,Exceeded,3.62
230361,Shelby High,41.01123595505618,46.06741573033708,55.0561797752809,9.550561797752808,N,30.9,14.6,18.5,15.7,14.8,41.6,0,Southwest,Not Met,-11.25
240334,East Columbus High,30.263157894736842,44.73684210526316,69.73684210526315,6.578947368421051,N,18.4,5.3,17.1,5,11.8,38.2,7,Sandhills,Not Met,-4.74
240371,South Columbus High,71.00591715976331,50.29585798816568,62.721893491124256,5.3254437869822535,N,21.9,8.9,13.6,5.9,5,36.7,7,Sandhills,Not Met,-7.04
240380,West Columbus High,51.11111111111111,47.77777777777778,73.33333333333333,5.555555555555558,N,20,6.7,21.1,18.9,5,35.6,7,Sandhills,Exceeded,3.21
241316,Whiteville High,50.90909090909091,50.303030303030305,64.84848484848484,7.2727272727272725,Y,25.5,13.3,15.8,12.1,9.3,46.7,10,Sandhills,Met,-0.87
250340,Havelock High,49.06542056074766,46.26168224299065,48.598130841121495,5.607476635514018,N,32.2,14.5,26.6,18.7,9.3,52.8,14,Southeast,Met,1.85
250356,New Bern High,51.94029850746269,47.76119402985074,48.35820895522388,6.567164179104477,N,34.9,21.8,30.1,20.9,18.7,55.8,9,Southeast,Not Met,-3.24
250372,West Craven High,56.70103092783505,46.391752577319586,60.824742268041234,9.278350515463918,N,23.7,17,22.7,11.9,14.4,44.8,9,Southeast,Not Met,-10.31
260318,Jack Britt High,39.78021978021978,50.54945054945055,32.527472527472526,6.153846153846154,N,47.9,28.3,46.3,31.4,35.5,70.5,7,Sandhills,Met,1.77
260322,Douglas Byrd High,17.674418604651162,49.30232558139535,71.16279069767441,14.883720930232558,Y,12.1,5,11.2,6.5,6.2,23.7,7,Sandhills,Not Met,-7.62
260325,Cape Fear High,53.48837209302325,51.162790697674424,45.84717607973422,9.30232558139535,N,42.2,25.6,34.6,20.9,26.4,61.8,7,Sandhills,Exceeded,3.38
260347,Cumberland International Early College,34.61538461538461,25,61.53846153846154,0,N,63.5,34.6,50,42.3,51.9,82.7,7,Sandhills,Met,1.8
260354,Cross Creek Early College,14.285714285714285,44.285714285714285,55.714285714285715,0,N,81.4,60,61.4,55.7,61.4,95,7,Sandhills,Exceeded,6.8
260357,Grays Creek High,48.57142857142857,46.666666666666664,42.857142857142854,9.841269841269842,N,46.5,27.3,39.9,24.1,54.3,65.4,7,Sandhills,Not Met,-3.58
260359,E E Smith High,10.83743842364532,49.75369458128079,62.06896551724138,15.763546798029557,Y,22.9,5.4,13.2,7.9,8.9,37.4,7,Sandhills,Met,0.19
260374,Alger B. Wilkins High School,17.857142857142858,50,67.85714285714286,12.5,N,7.1,5,5,5,5,7.1,7,Sandhills,Met,-1.75
260388,Massey Hill Classical High,50.79365079365079,41.269841269841265,41.269841269841265,7.936507936507942,N,71.4,38.1,55.6,28.6,57.1,76.2,7,Sandhills,Met,0.5
260408,Pine Forest High,29.155313351498634,53.40599455040872,57.49318801089919,9.264305177111716,N,31.1,17.2,27.2,16.3,25.8,47.7,7,Sandhills,Exceeded,5.07
260411,Reid Ross Classical High,27.27272727272727,39.39393939393939,59.09090909090909,6.060606060606055,N,43.9,15.2,28.8,27.3,18.2,63.6,7,Sandhills,Exceeded,5.13
260424,Seventy-First High,5.016722408026756,51.83946488294314,68.56187290969899,10.367892976588628,N,19.3,6.3,13,5,14.2,32.1,7,Sandhills,Exceeded,2.66
260427,South View High,29.120879120879124,44.230769230769226,62.91208791208791,10.989010989010989,N,22.2,9.1,15.3,8.2,15.9,38.7,7,Sandhills,Exceeded,2.63
260446,Terry Sanford High,39.03345724907063,51.6728624535316,48.3271375464684,9.66542750929368,N,32.8,14.1,28.5,17.8,18.5,51.7,7,Sandhills,Not Met,-4.35
260449,Ramsey Street High,16.666666666666664,66.66666666666666,55.55555555555556,22.22222222222222,N,16.7,11.1,5.6,5,5,11.1,7,Sandhills,Not Met,-6.68
260455,Westover High,11.818181818181818,48.18181818181818,64.0909090909091,12.272727272727273,Y,23.1,6.8,17.3,5,19.7,33.2,7,Sandhills,Met,-0.44
260700,Cumberland Polytechnic,30.434782608695656,28.985507246376812,57.971014492753625,1.449275362318836,N,59.4,27.5,46.4,36.2,37.7,87,7,Sandhills,Exceeded,7.38
270306,Currituck County High,79.49790794979079,51.46443514644351,20.0836820083682,10.87866108786611,N,34.3,21.8,26.8,18.4,27.3,52.3,5,Northeast,Met,-1.73
280316,Manteo High School,64.60176991150442,46.902654867256636,34.51327433628318,7.964601769911505,N,48.7,31,31.9,25.7,23.9,61.9,3,Northeast,Exceeded,7.15
280330,First Flight High School,84.26966292134831,53.93258426966292,24.719101123595504,8.98876404494382,N,51.7,30.9,42.1,35.4,27.4,66.9,3,Northeast,Met,-1.99
290308,Central Davidson High,85.85858585858585,54.04040404040404,32.82828282828283,10.606060606060606,N,29.3,17.2,23.7,13.6,14.1,50.5,0.7,Piedmont-Triad,Met,0.03
290324,East Davidson High,80.31088082901555,46.1139896373057,35.233160621761655,8.290155440414509,N,29,16.6,28.5,17.6,13,53.9,0.6,Piedmont-Triad,Met,1.66
290336,Ledford Senior High,72.72727272727273,49.09090909090909,30.909090909090907,4.545454545454546,N,42.7,26.4,37.3,28.2,39.9,62.7,0.6,Piedmont-Triad,Met,0.29
290348,North Davidson High,89.16666666666667,50.416666666666664,26.25,8.333333333333332,N,38.8,31.7,33.8,25.8,32.6,65.8,0.6,Piedmont-Triad,Exceeded,2.78
290349,Oak Grove High,85.23809523809524,46.666666666666664,25.238095238095237,8.571428571428571,N,41,26.2,29.5,24.3,29.7,60.5,0.6,Piedmont-Triad,Met,-0.06
290365,South Davidson High,92.94117647058823,49.411764705882355,44.70588235294118,15.294117647058824,N,23.5,11.8,16.5,8.2,11.9,45.9,0.6,Piedmont-Triad,Not Met,-2.64
290388,West Davidson High,85.71428571428571,55.90062111801242,36.024844720496894,7.453416149068323,N,34.2,15.5,23,15.5,28,47.8,1,Piedmont-Triad,Not Met,-7.42
291336,Lexington Senior High School,21.08843537414966,48.29931972789115,46.25850340136054,6.802721088435375,N,30.6,15,22.4,12.9,26.6,45.6,2,Piedmont-Triad,Met,-0.83
292324,Thomasville High,20.689655172413794,45.51724137931035,37.93103448275862,6.206896551724139,N,19.9,10.3,12.3,11,12.2,37.9,0,Piedmont-Triad,Met,-0.09
292324,Thomasville High,20.689655172413794,45.51724137931035,37.93103448275862,6.206896551724139,N,19.9,10.3,12.3,11,12.2,37.9,0,Piedmont-Triad,Met,1.38
300312,Davie County High,75.60386473429952,50.96618357487923,38.88888888888889,12.077294685990339,N,36.7,23.9,35.3,24.2,24.5,56,1,Piedmont-Triad,Not Met,-6.81
310344,East Duplin High,53.73831775700935,52.80373831775701,53.271028037383175,6.5420560747663545,N,22.9,14,20.1,15,21.7,41.6,17,Southeast,Exceeded,2.63
310352,James Kenan High,9.701492537313433,52.23880597014925,74.6268656716418,5.970149253731338,N,14.2,6.7,10.4,6.7,5,26.1,17,Southeast,Met,1.14
310392,Wallace-Rose Hill High,20,58.620689655172406,72.41379310344827,7.586206896551724,N,15.8,6.8,9.7,6.2,14.6,36.6,17,Southeast,Not Met,-2.44
320309,J D Clement Early College HS,5.747126436781613,32.18390804597701,63.2183908045977,0,N,64.4,54,43.7,39.1,31,90.8,0,North Central,Exceeded,7.41
320312,C E Jordan High,30.04201680672269,50.63025210084034,34.66386554621849,6.512605042016808,N,41.4,24.2,32.4,24.8,40.7,54.4,0,North Central,Not Met,-5.19
320317,City of Medicine Academy,7.317073170731703,9.756097560975608,62.19512195121951,2.4390243902439046,N,39,20.7,26.8,14.6,46.3,68.3,0,North Central,Exceeded,11.39
320322,Durham's Performance Learning Center,28.125,31.25,75,18.75,N,6.3,6.3,6.3,5,5,12.5,0,North Central,Not Met,-2.91
320325,Hillside High,4.489795918367347,48.97959183673469,59.183673469387756,9.795918367346939,N,17.9,6.9,13,6.5,11.3,32.7,0,North Central,Exceeded,3.6
320356,Northern High,22.884012539184955,51.724137931034484,49.843260188087775,9.090909090909092,N,19,7.5,14.1,9.3,21.3,32.6,0,North Central,Exceeded,2.03
320365,Riverside High,23.893805309734514,50.14749262536873,53.687315634218294,6.489675516224189,N,29.4,25.4,27.1,23,26.7,43.7,0,North Central,Exceeded,3.55
320365,Riverside High,23.893805309734514,50.14749262536873,53.687315634218294,6.489675516224189,N,29.4,25.4,27.1,23,26.7,43.7,0,Northeast,Not Met,-2.98
320368,Southern School of Energy and Sustainabi,6.367041198501877,52.05992509363296,62.172284644194754,10.486891385767791,N,9.3,5,5,5,9,18,0,North Central,Met,1.25
320701,Hillside New Tech High,14.28571428571429,63.63636363636363,48.05194805194805,11.688311688311693,N,14.3,5,5.2,5,15.6,33.8,0,North Central,Met,0.8
32N000,Research Triangle High School,53.67647058823529,57.35294117647059,18.65671641791045,5.147058823529416,Y,86,66.2,72.8,67.6,68.4,92.6,0,North Central,Met,-1.22
330328,North Edgecombe High,20.93023255813954,62.7906976744186,44.18604651162791,13.953488372093027,Y,5,5,5,5,5,11.6,2,North Central,Exceeded,3.57
330350,SouthWest Edgecombe High,42.05128205128205,42.56410256410256,34.87179487179487,7.6923076923076925,N,14.7,5,13.2,5.6,12.9,24.6,2,North Central,Not Met,-4.12
330358,Tarboro High,15.59633027522936,50.45871559633027,43.11926605504588,9.174311926605505,N,11,5.5,6.4,5.5,5,15.6,2,North Central,Met,-1.61
340311,Atkins Academic & Tech High,46.02510460251046,61.08786610878661,24.267782426778243,5.02092050209205,N,65.3,46,52.7,49.8,48.5,83.7,2,Piedmont-Triad,Exceeded,6.07
340330,Carver High,9.090909090909093,36.36363636363637,68.68686868686868,7.070707070707072,Y,5.1,5,5.1,5,6.3,18.2,2,Piedmont-Triad,Exceeded,3.25
340362,Early College of Forsyth Co,43.83561643835616,35.61643835616438,24.65753424657534,0,N,80.8,60.3,69.9,57.5,82.2,94.5,2,Piedmont-Triad,Met,-1.86
340364,East Forsyth High,55.81395348837209,50.129198966408275,30.749354005167955,10.335917312661499,N,28.7,19.8,26,19.6,23.5,49.9,2,Piedmont-Triad,Not Met,-3.35
340382,Robert B Glenn High School,36.9281045751634,46.07843137254902,45.751633986928105,5.88235294117647,N,23.8,9.8,19.3,14.4,13.5,39.5,2,Piedmont-Triad,Exceeded,3.25
340454,Mount Tabor High School,30.555555555555557,41.94444444444444,43.05555555555556,8.88888888888889,N,38.4,23,27.9,22.8,29.6,50.6,2,Piedmont-Triad,Met,0.18
340460,North Forsyth High,14.563106796116504,49.51456310679612,40.29126213592233,6.796116504854369,Y,10.2,5.8,7.7,5.8,8.9,28.2,2,Piedmont-Triad,Not Met,-7.44
340486,Parkland High,13.592233009708737,45.63106796116505,40.77669902912621,7.443365695792881,Y,18.1,9.7,16.1,10.6,16.2,29.4,2,Piedmont-Triad,Met,-1.31
340495,Ronald W Reagan High School,70.24291497975709,50.20242914979757,20.242914979757085,6.882591093117409,N,53.8,39.5,43.9,37.4,40.3,71.5,2,Piedmont-Triad,Exceeded,13.32
340496,R J Reynolds High,38.81748071979435,43.958868894601544,40.87403598971722,6.683804627249357,N,42.9,24.9,37.8,27,33.5,55.8,2,Piedmont-Triad,Met,0.93
340542,Walkertown High,55.47945205479452,54.109589041095894,43.83561643835616,7.534246575342466,N,26,11,21.2,13.7,17,41.1,2,Piedmont-Triad,Not Met,-2.24
340556,West Forsyth High,60.56338028169014,52.640845070422536,21.654929577464788,6.866197183098592,N,50.1,35,43.8,34.2,38,69.9,2,Piedmont-Triad,Met,-0.02
350308,Bunn High,50.73891625615764,45.812807881773395,58.128078817733986,9.35960591133005,N,21.6,12.7,21.7,11.3,12.9,45.3,2,North Central,Exceeded,2.31
350321,Franklinton High,50.64377682403433,54.077253218884124,37.76824034334764,9.012875536480687,N,29.2,15.5,23.6,15,25,47.6,2,North Central,Met,-0.48
350336,Louisburg High,41.32231404958678,43.80165289256198,55.371900826446286,4.1322314049586755,N,34.4,10.7,20.5,9,26.4,46.3,2,North Central,Not Met,-4.49
360310,Ashbrook High,33.003300330033,53.46534653465347,53.135313531353134,7.920792079207921,N,17.6,11.4,14.8,6.9,16.8,36,0,Southwest,Exceeded,4.57
360336,Bessemer City High,57.04697986577181,52.348993288590606,57.71812080536913,8.053691275167784,N,12.8,5.4,14.8,5.4,10.3,26.2,0,Southwest,Not Met,-7.5
360360,Cherryville High,81.65137614678899,41.284403669724774,41.284403669724774,12.844036697247708,N,39.4,20.2,26.6,13.8,18.1,53.2,0,Southwest,Met,0.95
360378,Stuart W Cramer High,68.4931506849315,46.57534246575342,34.70319634703196,9.1324200913242,N,29.1,24.5,26.5,17.3,23.6,53.9,0,Southwest,Exceeded,5.48
360390,East Gaston High,79.54545454545455,47.72727272727273,31.818181818181817,10.795454545454545,N,23.3,18.2,20.5,15.3,8,43.2,0,Southwest,Exceeded,5.4
360396,Forestview High,64.28571428571429,48.49624060150376,30.82706766917293,7.894736842105263,N,36.5,21.8,25.6,23.3,23.8,53,0,Southwest,Exceeded,3.44
360418,Highland Sch of Technology,67.66917293233082,45.86466165413533,20.30075187969925,0.7518796992481258,N,76.7,66.9,63.2,54.1,59.4,95,0,Southwest,Exceeded,9.47
360428,Hunter Huss High,28.87700534759358,45.45454545454545,62.56684491978609,5.347593582887701,N,9.1,5.3,8,5.3,8.8,24.1,0,Southwest,Met,0.19
360470,North Gaston High,67.11111111111111,48,42.22222222222222,9.333333333333334,N,23,10.6,15,9.3,8.6,35.1,0,Southwest,Not Met,-4.84
360494,South Point High,78.63247863247864,46.58119658119658,23.076923076923077,6.837606837606838,N,47.9,37.6,40.2,34.2,23.1,65,0,Southwest,Exceeded,4.24
370312,Gates County Senior High,57.14285714285714,48.57142857142857,49.28571428571429,10,N,35,15.7,23.6,20.7,19.3,57.9,2,Northeast,Not Met,-3.57
390322,Granville Central High,38.51851851851852,52.59259259259259,51.11111111111111,7.4074074074074066,N,17.6,11.8,13.3,10.3,11.9,34.1,2,North Central,Exceeded,5
390324,J. F. Webb High,24.691358024691358,54.32098765432099,69.1358024691358,7.4074074074074066,N,11.1,5,6.2,5,5,19.8,2,North Central,Met,-1.19
390352,South Granville High,53.63128491620112,45.81005586592179,35.754189944134076,11.1731843575419,N,28.2,13.3,21.1,17.9,26.1,40.8,2,North Central,Met,0.52
390700,JF Webb HS Of Health And Life Sciences,56.451612903225815,40.32258064516129,38.70967741935484,9.677419354838712,N,29,6.5,16.1,6.5,11.5,40.3,2,North Central,Not Met,-2.77
400308,Greene Central High,30.4,48.8,64.8,4.800000000000004,N,10.4,5,8.8,5,12.8,23.2,7,Southeast,Exceeded,4.64
410319,T Wingate Andrews High,8.024691358024691,51.85185185185185,59.25925925925925,9.25925925925926,Y,12.3,8.6,9.2,6.2,13.4,24.1,2,Piedmont-Triad,Met,-1.85
410326,Middle College High at Bennett,13.33333333333333,0,56.666666666666664,0,N,23.3,6.7,16.7,10,26.7,56.7,3,Piedmont-Triad,Exceeded,2.07
410355,James B Dudley High,6.122448979591832,44.89795918367347,58.673469387755105,8.673469387755102,Y,10.6,5.6,7.6,5,15.2,23.5,2,Piedmont-Triad,Exceeded,2.01
410358,Eastern Guilford High,21.78988326848249,45.525291828793776,63.81322957198443,7.392996108949417,N,22,10.9,14.7,10.5,15,39.7,2,Piedmont-Triad,Met,-1.62
410394,Grimsley High,49.85994397759104,51.26050420168067,31.652661064425768,7.282913165266107,N,59.1,45.4,50.1,42.3,48.9,70.3,2,Piedmont-Triad,Met,-1.66
410395,Early College at Guilford,50,46,31.652661064425768,0,N,95,95,95,95,95,95,2,Piedmont-Triad,Met,-1.65
410406,High Point Central High,30.620155038759687,51.162790697674424,57.751937984496124,6.976744186046512,Y,39.4,25.1,30.2,23.3,28.7,51.6,2,Piedmont-Triad,Exceeded,4.82
410407,Kearns Academy,44.11764705882353,35.294117647058826,35.294117647058826,8.823529411764708,N,38.2,14.7,14.7,5.9,29.4,55.9,2,Piedmont-Triad,Exceeded,6.79
410483,Middle College at NC A&T,14.28571428571429,100,54.285714285714285,0,N,40,5,11.4,22.9,25.7,71.4,2,Piedmont-Triad,Met,1.86
410484,Northeast Guilford High,19.90521327014218,52.13270142180095,73.93364928909952,17.061611374407583,Y,14.5,5,9.4,5,16.8,27.5,2,Piedmont-Triad,Exceeded,4.53
410489,Northern Guilford High,67.17791411042946,55.52147239263804,14.417177914110429,3.9877300613496933,N,63.8,51.5,46,38.3,56,79.1,2,Piedmont-Triad,Not Met,-2.22
410490,Northwest Guilford High,75.75150300601202,48.09619238476954,11.422845691382765,6.212424849699398,N,64.4,51,50.1,44.5,45.8,78.6,2,Piedmont-Triad,Exceeded,4.76
410508,Page High,39.26701570680628,46.07329842931937,44.76439790575916,3.926701570680628,N,46.7,31.9,35,27.9,42.8,59.4,2,Piedmont-Triad,Not Met,-2.61
410529,Lucy Ragsdale High,36.74121405750799,48.56230031948881,46.00638977635783,8.626198083067091,N,33.8,24.8,23.9,17.9,34.6,50.5,2,Piedmont-Triad,Met,0.13
410544,Ben L. Smith High School,4.032258064516129,44.354838709677416,57.25806451612904,11.29032258064516,Y,6,5,5.6,5,14,19.8,2,Piedmont-Triad,Met,-0.93
410545,Academy at Smith,39.473684210526315,73.68421052631578,81.57894736842105,2.631578947368418,N,42.1,28.9,31.6,23.7,15.8,81.6,2,Piedmont-Triad,Met,-0.34
410547,Southeast Guilford High,54.37499999999999,49.6875,38.125,14.0625,N,31.6,17.8,19.7,17.2,20.8,50.9,2,Piedmont-Triad,Met,0.9
410556,Southern Guilford High,21.75925925925926,48.61111111111111,70.37037037037037,15.74074074074074,N,21,14.8,11.6,9.3,15.5,38,2,Piedmont-Triad,Not Met,-2.59
410562,Southwest Guilford High,45.43080939947781,49.869451697127936,37.59791122715404,5.483028720626632,N,43.6,33.2,33.7,30.3,41.3,61.1,2,Piedmont-Triad,Met,-1.53
410569,STEM Early College @ NC A&T SU,68.29268292682926,60.97560975609756,29.268292682926827,0,N,95,95,82.9,90.2,95,95,2,Piedmont-Triad,Not Met,-2.52
410579,UNCG Early/Middle College,25,20.833333333333336,50,2.083333333333337,N,50,39.6,45.8,31.3,60.4,77.1,2,Piedmont-Triad,Met,0.89
410589,Philip J Weaver Ed Center,53.75,23.75,20,0,N,80,53.8,68.8,50,65,91.3,2,Piedmont-Triad,Not Met,-5.14
410595,Western Guilford High,29.527559055118108,50,50.39370078740157,6.692913385826772,N,41.6,22.3,29.4,20.8,31.8,56.7,2,Piedmont-Triad,Met,-1.81
41K000,Piedmont Classical High School,45.09803921568628,54.90196078431373,15.686274509803921,9.803921568627452,Y,35.3,19.6,32.4,21.6,43.6,54.9,0,Piedmont-Triad,Not Met,-2.36
420346,Northwest Halifax Collegiate and Technic,14.0625,50,50,12.5,Y,10.9,5,5,5,5,15.6,2,Northeast,Met,1.26
420358,Southeast Halifax Collegiate Prep Academ,6.382978723404253,46.808510638297875,48.93617021276596,2.127659574468088,Y,5,5,6.4,5,6.4,6.4,2,Northeast,Met,-0.97
421316,Roanoke Rapids High School,68.13725490196079,46.568627450980394,50.98039215686274,5.392156862745098,N,23.8,10.7,20.5,17.6,18,43.1,1,Northeast,Not Met,-6.21
422315,Weldon STEM High School Career Academies,0,50,58.69565217391305,17.391304347826086,Y,5,5,5,5,5,10.9,2,Northeast,Not Met,-4.19
430346,Harnett Central High,51.48514851485149,48.84488448844885,45.87458745874587,8.25082508250825,N,30.9,16.4,25.7,20.7,24.6,48.8,6,North Central,Not Met,-4.03
430371,Overhills High,36.20253164556962,48.35443037974684,40.75949367088608,5.822784810126582,N,33.4,13.4,29.1,19,28.6,50.6,6,North Central,Exceeded,5.22
430378,Triton High,47.241379310344826,54.137931034482754,62.41379310344828,8.620689655172415,N,24.5,12.4,20.3,13.8,13.1,41,6,North Central,Met,-1.39
430384,Western Harnett High,51.798561151079134,53.597122302158276,48.561151079136685,5.39568345323741,N,31.2,16.8,26.9,16.2,15.9,50.4,6,North Central,Met,0.57
440326,Central Haywood High,100,NA,NA,0,N,15.4,7.7,15.4,7.7,7.7,15.4,0,Western,Not Met,-4.99
440378,Pisgah High,92.01680672268907,48.319327731092436,33.193277310924366,8.403361344537815,N,48.7,32.4,36.1,28.6,31.4,69.7,0,Western,Met,-0.56
440390,Tuscola High,81.60377358490565,53.77358490566038,38.20754716981132,8.962264150943396,N,53.8,30.7,44.3,27.8,25.8,68.9,0,Western,Not Met,-7.76
450316,East Henderson High,68.52791878172589,43.14720812182741,41.62436548223351,8.629441624365482,N,41.6,24.4,36.5,26.4,32.7,64,0,Western,Met,1.68
450334,Hendersonville High,70.88607594936708,45.56962025316456,30.37974683544304,6.962025316455696,N,63.9,39.2,49.4,34.8,36.1,77.8,0,Western,Met,0.77
450341,North Henderson High,64.95327102803739,53.73831775700935,45.794392523364486,8.878504672897195,N,38.8,14.5,29.4,18.7,26.3,62.6,0,Western,Exceeded,13.3
450352,West Henderson High,80.21978021978022,51.28205128205128,28.205128205128204,9.89010989010989,N,44,23.8,36.6,29.7,27.4,61.9,0,Western,Not Met,-2.32
460320,Hertford County High,12.068965517241379,47.41379310344828,54.310344827586206,10.344827586206897,Y,5,5,7.7,5,7.3,15.5,2,Northeast,Not Met,-6.93
460340,CS Brown High,19.999999999999996,NA,54.310344827586206,6.666666666666665,Y,20,13.3,20,13.3,20,33.3,2,Northeast,Met,0.87
470312,Hoke County High,22.025316455696203,57.21518987341773,68.86075949367088,6.8354430379746836,N,24.7,11.1,18.2,10.4,30.5,44.8,7,Sandhills,Exceeded,4.73
490335,Lake Norman High,83.14087759815243,52.19399538106235,9.930715935334874,5.542725173210162,N,54.3,42,43.6,37.9,39.6,73.4,0,Southwest,Exceeded,3.24
490346,North Iredell High,75.23809523809524,53.333333333333336,39.523809523809526,6.666666666666667,N,24.8,13.8,19.5,18.1,10.7,46.2,0,Southwest,Not Met,-12.76
490354,Statesville High,25.13368983957219,54.54545454545454,59.35828877005348,6.951871657754011,N,8.4,5,6.3,5.9,7.3,19.8,0,Southwest,Not Met,-4.52
490362,South Iredell High,71.61458333333334,46.61458333333333,20.052083333333336,3.3854166666666665,N,51,36.2,47.1,34.4,32.7,65.4,0,Southwest,Not Met,-4.39
490380,West Iredell High,62.745098039215684,52.94117647058824,43.627450980392155,7.352941176470589,N,16.6,9.3,12.3,9.3,16.7,31.4,0,Southwest,Not Met,-4.52
491312,Mooresville High School,68.88361045130641,49.4061757719715,25.653206650831358,10.21377672209026,N,45.3,33.3,39.2,32.8,23.9,67,1,Southwest,Exceeded,4.83
500340,Smoky Mountain High School,77.55102040816327,52.04081632653062,41.3265306122449,6.122448979591836,N,48,26.5,37.2,21.9,32.5,63.8,0,Western,Exceeded,9.16
510324,Clayton High,57.14285714285714,50.79365079365079,25.623582766439913,10.204081632653061,N,33.1,15.8,29,19.5,23.7,48.8,5,North Central,Not Met,-10.34
510327,Cleveland High,64.59770114942529,49.195402298850574,21.149425287356323,6.666666666666667,N,43.4,24.1,36.1,25.3,17.8,60.5,5,North Central,Not Met,-6.13
510333,Corinth Holders High,65.04424778761062,52.876106194690266,21.902654867256636,9.513274336283185,N,44.9,23.7,36.3,24.1,23.6,61.7,5,North Central,Not Met,-4.18
510368,North Johnston High,62.82051282051282,50.641025641025635,41.66666666666667,7.051282051282051,N,25.6,16,19.9,13.5,10.3,42.9,5,North Central,Not Met,-7.46
510399,Smithfield-Selma High,22.382671480144403,49.458483754512635,63.898916967509024,10.469314079422382,Y,22,13.7,22,17,18,37.9,5,North Central,Not Met,-11.25
510402,South Johnston High,63.29588014981273,51.31086142322098,47.19101123595505,16.479400749063668,N,32.2,13.9,25.5,15.4,11,52.4,5,North Central,Not Met,-17.55
510406,West Johnston High,67.8688524590164,53.442622950819676,22.950819672131146,7.868852459016394,N,35.1,20.3,25.9,22,26.7,52.8,5,North Central,Not Met,-10.81
520320,Jones Senior High,43.05555555555556,38.88888888888889,61.111111111111114,11.111111111111116,N,29.2,8.3,9.7,13.9,14.1,48.6,20,Southeast,Met,-1.77
530336,Lee County High,46.36363636363636,52.121212121212125,53.939393939393945,8.181818181818182,N,29.9,14.2,26.5,15.1,21.7,44.8,3,North Central,Not Met,-6.01
530343,Southern Lee High School,37.238493723849366,51.46443514644351,65.69037656903765,6.694560669456067,N,25.9,14.2,24.3,10.9,23.8,49,3,North Central,Not Met,-7.02
540315,Kinston High,6.040268456375841,45.63758389261745,87.91946308724832,9.395973154362416,Y,9.3,5,6.7,5,7.5,13.4,10,Southeast,Not Met,-3.26
540324,North Lenoir High,50.83798882681564,56.98324022346368,54.7486033519553,6.70391061452514,Y,22.2,11.7,22.8,13.4,14.3,40.2,10,Southeast,Not Met,-5.6
540336,South Lenoir High,61.68831168831169,55.1948051948052,46.103896103896105,11.03896103896104,Y,28.6,13.6,20.8,15.6,14.4,44.2,10,Southeast,Met,1.23
550320,East Lincoln High,84.93150684931507,52.054794520547944,16.894977168949772,6.392694063926941,N,46.1,22.8,39.7,32.4,18.8,63.5,0,Southwest,Not Met,-7.19
550332,Lincolnton High,53.84615384615385,43.07692307692308,56.41025641025641,7.6923076923076925,N,28.2,11.3,16.4,15.4,12.4,40.5,0,Southwest,Not Met,-3.32
550344,North Lincoln High,86.28318584070797,53.98230088495575,16.371681415929203,5.752212389380531,N,58.8,35.4,44.2,35.8,40.4,72.1,0,Southwest,Met,-1.08
550368,West Lincoln High,90.80459770114942,56.896551724137936,44.827586206896555,9.770114942528735,N,24.7,12.6,24.1,20.7,9.8,43.1,0,Southwest,Not Met,-7.41
560320,Franklin High,79,48,45.5,7.5,N,29.5,11.5,25.5,17,16.8,52.5,0,Western,Met,-0.75
570318,Madison High School,93.16239316239316,54.700854700854705,43.58974358974359,8.547008547008547,N,30.8,19.7,25.6,20.5,12.8,49.6,1,Western,Not Met,-4
580368,Riverside High,42.15686274509804,44.11764705882353,44.11764705882353,10.784313725490197,N,28.4,9.8,25.5,16.7,18.6,43.1,2,Northeast,Not Met,-2.98
580368,Riverside High,42.15686274509804,44.11764705882353,44.11764705882353,10.784313725490197,N,28.4,9.8,25.5,16.7,18.6,43.1,2,North Central,Exceeded,3.55
590330,McDowell High School,76.87687687687688,51.95195195195195,52.85285285285285,16.216216216216218,N,29.1,12,22.2,14.4,14.4,45.9,0,Northwest,Exceeded,6.68
600302,Ardrey Kell High,56.35876840696118,47.25568942436412,9.906291834002676,3.8821954484605086,N,73.2,58.7,62.9,55.3,56.4,85.1,3,Southwest,Exceeded,10.06
600312,William Amos Hough High,75,49.29078014184397,10.28368794326241,4.432624113475177,N,60.9,48,53.6,45,44.2,76.2,3,Southwest,Met,-0.59
600361,Butler High,32.78301886792453,46.4622641509434,37.264150943396224,4.245283018867925,N,37.3,22.8,30.5,25.6,32.1,52.8,3,Southwest,Met,1.82
600364,Military and Global Leadership Academy,12.5,34.375,31.25,6.25,Y,12.5,6.3,12.5,6.3,34.4,34.4,3,Southwest,Met,-1.8
600377,East Mecklenburg High,22.646310432569976,54.19847328244275,46.0559796437659,3.816793893129771,N,32.9,28.2,31.1,24.2,34.9,49.1,3,Southwest,Exceeded,2.8
600386,Hawthorne Academy of Health Sciences,17.021276595744684,21.27659574468085,34.04255319148936,0,N,40.4,14.9,38.3,23.4,55.3,57.4,3,Southwest,Met,-0.64
600397,Garinger High,4.416403785488959,48.26498422712934,43.84858044164038,7.886435331230284,Y,5,5,5,5,9.5,10.7,3,Southwest,Exceeded,8.25
600405,Harding University High,5.836575875486383,53.69649805447471,51.75097276264592,8.949416342412452,Y,7.4,5,7.4,5,6.7,16.7,3,Southwest,Not Met,-5.97
600415,Hopewell High,31.062670299727518,49.863760217983646,39.509536784741144,8.174386920980927,N,30.9,17.9,27.8,21.5,37.6,51,3,Southwest,Met,-0.74
600426,Independence High,27.75423728813559,50,51.69491525423729,6.991525423728813,N,31.9,24.4,26.4,18.6,25,50.2,3,Southwest,Exceeded,7.79
600445,Mallard Creek High,16.45101663585952,49.53789279112754,34.011090573012936,6.284658040665435,N,31.8,20.4,26.8,19.2,24.8,51.4,3,Southwest,Exceeded,6.23
600457,Rocky River High,4.643962848297214,46.749226006191954,56.656346749226,6.5015479876160995,N,5.8,5,6.4,5,12.9,17,3,Southwest,Not Met,-2.35
600466,Myers Park High,69.32952924393724,48.93009985734665,16.833095577746075,3.138373751783167,N,69.4,54.3,60.7,52.2,54.8,76.3,3,Southwest,Exceeded,2.15
600480,North Mecklenburg High,11.01511879049676,45.14038876889849,50.323974082073434,7.343412526997841,N,26.8,17.9,25.3,15.2,31,43,3,Southwest,Exceeded,4.49
600490,Olympic High,18.94353369763206,52.27686703096539,44.80874316939891,4.735883424408015,N,28.3,19.6,23.3,14.5,30.4,40.1,3,Southwest,Exceeded,4.3
600496,Phillip O Berry Academy of Technology,9.659090909090907,46.30681818181818,55.39772727272727,2.840909090909091,N,31,20.1,29.5,17.3,30.7,57.7,3,Southwest,Met,0.99
600498,Performance Learning Center,34.78260869565217,34.78260869565217,55.39772727272727,13.043478260869568,Y,8.7,5,8.3,5,13,17.4,3,Southwest,Not Met,-4.13
600499,Charlotte-Mecklenburg Virtual HS,53.246753246753244,44.15584415584416,20.77922077922078,5.1948051948051965,N,53.2,32.5,48.1,18.2,39,67.5,3,Southwest,Met,-1.46
600508,Providence High,71.32701421800948,49.28909952606635,5.450236966824645,2.6066350710900474,N,83.6,65.6,67.5,61.1,58.7,92.7,3,Southwest,Exceeded,4.45
600535,South Mecklenburg High,36.99421965317919,46.38728323699422,37.861271676300575,4.335260115606936,N,41.2,33,34.9,27.6,31.6,57.9,3,Southwest,Exceeded,6.95
600576,West Charlotte High,5.202312138728327,47.97687861271676,49.71098265895954,9.826589595375722,Y,11.9,5,8,5,21.6,17.3,3,Southwest,Not Met,-4.56
600579,West Mecklenburg High,10.408921933085502,56.13382899628253,35.687732342007436,7.063197026022305,Y,11.9,6.3,12.1,5.1,12,21.6,3,Southwest,Not Met,-2.58
600592,Vance High,7.9670329670329725,49.72527472527473,38.46153846153847,6.593406593406594,Y,9.5,5,10.9,5,10.9,20.6,3,Southwest,Not Met,-3.72
610334,Mitchell High,90.5511811023622,60.629921259842526,38.582677165354326,6.299212598425196,N,35.4,21.3,33.9,24.4,15.9,55.9,1,Northwest,Not Met,-3.71
620316,East Montgomery High,33.61344537815126,52.10084033613446,71.42857142857143,6.72268907563025,N,19.3,10.9,19.3,5.9,8.6,37.8,1,Sandhills,Met,-0.95
620340,West Montgomery High,56.56565656565656,57.57575757575758,49.494949494949495,10.1010101010101,N,15.2,5,17.2,7.1,8.3,35.4,1,Sandhills,Exceeded,4.43
620350,Montgomery County Early College,42.3728813559322,37.28813559322034,45.76271186440678,1.6949152542372836,N,59.3,50.8,40.7,25.4,45.8,81.4,1,Sandhills,Exceeded,10.64
630332,North Moore High,58.71559633027523,46.788990825688074,51.37614678899083,5.5045871559633035,N,17.4,11.9,14.7,12.8,12,42.2,6,Sandhills,Met,1.85
630360,Union Pines High,76.58227848101265,50.63291139240506,30.063291139240505,5.69620253164557,N,49.1,24.7,42.4,30.4,35.3,66.5,6,Sandhills,Not Met,-2.27
640346,Nash Central High,43.1924882629108,43.1924882629108,53.52112676056338,8.92018779342723,N,18.8,9.4,16,10.8,8.5,36.2,0,North Central,Not Met,-11.52
640350,Northern Nash High,43.388429752066116,51.652892561983464,47.107438016528924,8.264462809917356,N,21.9,9.5,17.8,11.2,13.3,35.1,0,North Central,Not Met,-7.46
640361,Rocky Mount High,17.479674796747968,45.52845528455284,45.9349593495935,12.195121951219512,N,17.4,13.4,19.9,14.6,23.5,29.7,0,North Central,Not Met,-6.88
640364,Southern Nash High,44.881889763779526,50,58.26771653543307,11.811023622047244,N,22.8,9.4,22,15.7,21.3,39.4,0,North Central,Not Met,-5.23
650326,Emsley A Laney High,63.69426751592356,49.469214437367306,46.28450106157113,7.855626326963907,N,46,28,40.7,28.9,26.3,63.7,10,Southeast,Met,-1.18
650327,Eugene Ashley High,72.92682926829268,45.36585365853659,42.68292682926829,5.853658536585367,N,46.3,27.1,43.2,30.2,27,64.6,10,Southeast,Not Met,-16.14
650340,Isaac M Bear Early College High School,80.3921568627451,41.17647058823529,27.450980392156865,0,N,95,88.2,84.3,78.4,64.7,95,0,Southeast,Met,1.79
650342,John T Hoggard High,76.79012345679013,50.37037037037037,26.913580246913583,7.654320987654321,N,63.7,49.6,56.3,45.2,37.3,78.5,8,Southeast,Not Met,-4.78
650352,New Hanover High,51.698113207547166,52.075471698113205,46.79245283018868,9.056603773584905,N,37.5,26.9,29.6,25.9,18.7,50.6,10,Southeast,Met,-1.89
660336,Northampton County High School,18.461538461538463,53.84615384615385,61.53846153846154,3.076923076923077,Y,5,5,5,5,5,7.7,1.5,Northeast,Not Met,-6.21
670320,Dixon High,67.8391959798995,56.78391959798995,29.64824120603015,9.547738693467336,N,36.7,12.6,25.1,18.1,24.9,60.3,24.5,Southeast,Exceeded,2.38
670324,Jacksonville High,45.96491228070175,47.01754385964912,47.368421052631575,10.87719298245614,N,32.6,18.6,29.5,17.5,28.8,51.6,24.5,Southeast,Met,1.22
670333,Northside High,30,54.61538461538461,46.53846153846154,10.76923076923077,N,31.8,16.1,23.8,15.3,21,50.4,18.5,Northeast,Met,-1.68
670333,Northside High,30,54.61538461538461,46.53846153846154,10.76923076923077,N,31.8,16.1,23.8,15.3,21,50.4,18.5,Southeast,Exceeded,4.21
670340,Richlands High,68.5,45.5,39.5,12.5,N,42,20,32.5,21,22.7,61.5,18.5,Southeast,Met,-0.71
670344,Southwest High,53.103448275862064,55.86206896551724,55.172413793103445,16.551724137931036,N,31,11.7,26.2,17.9,23.2,48.3,26.5,Southeast,Met,-0.99
670352,Swansboro High,73.72881355932203,50.42372881355932,37.28813559322034,10.59322033898305,N,33.1,18.6,29.2,18.6,25.6,55.1,26.5,Southeast,Exceeded,4.79
670364,White Oak High,49.17355371900827,49.586776859504134,38.84297520661157,11.983471074380166,N,24.8,13.2,20.2,15.3,24.4,43.8,26.5,Southeast,Exceeded,3.88
680310,Cedar Ridge High,57.446808510638306,47.23404255319149,28.936170212765955,6.808510638297872,N,51.9,40.4,46,38.3,47.2,69.4,0,North Central,Exceeded,4.48
680332,Orange High,64.48275862068965,53.79310344827586,27.241379310344826,10.344827586206897,N,43.4,29,33.4,28.3,26.8,59.3,0,North Central,Met,0.66
680335,Partnership Academy,64.48275862068965,NA,NA,NA,N,5,5,5,5,5,5,0,North Central,Met,-0.92
681305,Carrboro High,60.1063829787234,48.93617021276596,20.212765957446805,6.382978723404255,N,73.9,61.7,67,61.7,74.5,83,2,North Central,Exceeded,3.67
681308,Chapel Hill High,56.09065155807366,48.725212464589234,18.413597733711047,5.099150141643059,N,77.1,59.5,68,61.5,70,84.1,2,North Central,Exceeded,5.26
681314,East Chapel Hill High,52.567975830815705,51.66163141993958,17.522658610271904,6.948640483383686,N,73.7,63.1,68,62.5,67.6,83.7,2,North Central,Exceeded,6.6
690320,Pamlico County High,64.28571428571429,50,56.12244897959183,5.102040816326525,N,31.3,19.4,32.3,20.2,12.1,57.1,10,Southeast,Met,-1.9
700317,Northeastern High,36.55172413793103,46.206896551724135,48.96551724137931,4.82758620689655,N,13.8,11,14.5,9,12.3,31.7,5,Northeast,Not Met,-4.31
700319,Pasquotank County High,50.63291139240506,44.303797468354425,55.06329113924051,8.227848101265822,N,29.7,11.4,22.8,12.7,31.6,41.1,5,Northeast,Not Met,-6.39
710321,Heide Trask High,56.213017751479285,57.98816568047337,74.55621301775149,9.467455621301776,N,18.9,11.2,19.5,11.8,5.4,36.1,20,Southeast,Met,-0.84
710342,Topsail High,84.34782608695653,54.492753623188406,26.3768115942029,8.985507246376812,N,49,24.6,39.7,31,39.8,69.6,19,Southeast,Met,0.03
720316,Perquimans County High,71.22302158273382,41.726618705035975,47.482014388489205,15.107913669064748,N,25.7,20.9,22.9,15,19.3,46.8,3,Northeast,Met,-1.42
730352,Person High,46.63865546218487,55.46218487394958,43.69747899159664,7.563025210084033,N,23.5,13,17.2,12.6,15.2,40.3,0,North Central,Not Met,-5.97
740309,Ayden-Grifton High,49.09090909090909,51.515151515151516,57.57575757575758,6.666666666666667,N,26.7,15.2,16.4,15.8,8.5,39.4,2,Northeast,Met,-1.08
740333,D H Conley High,67.4863387978142,56.284153005464475,26.50273224043716,7.377049180327869,N,45.1,37.7,42.9,30.3,21.9,66.7,2,Northeast,Not Met,-5.1
740344,Farmville Central High,32,50.66666666666667,50,4.666666666666663,N,23.3,8.7,18,13.3,7.4,38,2,Northeast,Met,-1.68
740366,Junius H Rose High,37.086092715231786,50.993377483443716,37.41721854304636,1.9867549668874163,N,42.4,27.8,33.8,29.1,35.1,57.6,2,Northeast,Met,0.23
740374,North Pitt High,23.737373737373737,41.91919191919192,56.060606060606055,4.545454545454541,N,14.6,7.6,8.6,6.1,7.6,29.8,2,Northeast,Exceeded,3.79
740388,South Central,31.88854489164087,48.60681114551084,44.58204334365325,7.120743034055728,N,31.3,18.3,27.9,19.5,24.2,49.5,2,Northeast,Met,-1.1
750318,Polk County High School,76.86567164179104,50.74626865671642,36.56716417910448,6.716417910447758,N,38.1,24.6,35.8,23.9,21.8,60.4,0,Western,Not Met,-2.35
760318,Eastern Randolph High,54.43037974683544,56.9620253164557,67.08860759493672,9.49367088607595,N,12.7,5,13.3,5,11.8,27.8,1,Piedmont-Triad,Met,1.9
760339,Providence Grove High,76.36363636363637,52.121212121212125,35.75757575757576,6.0606060606060606,N,35.2,22.4,25.5,22.4,15.2,52.1,1,Piedmont-Triad,Not Met,-3.31
760348,Randleman High,64.28571428571429,61.73469387755102,53.57142857142857,9.183673469387756,N,33.7,17.3,27.6,19.9,24,50,1,Piedmont-Triad,Met,0.3
760358,Southwestern Randolph High,73.91304347826086,55.21739130434783,49.56521739130435,7.391304347826087,N,30.9,20,26.1,21.7,26.8,50.4,1,Piedmont-Triad,Met,-0.18
760380,Trinity High,70.06369426751591,49.681528662420384,40.12738853503185,7.006369426751593,N,29.3,15.3,22.9,13.4,24.2,48.4,1,Piedmont-Triad,Exceeded,5.55
760388,Wheatmore High,92.26519337016575,52.48618784530387,28.7292817679558,7.734806629834254,N,40.3,28.7,30.9,26.5,16,63.5,1,Piedmont-Triad,Met,1.94
761304,Asheboro High,35.273972602739725,43.83561643835616,57.1917808219178,6.8493150684931505,N,27.7,20.9,24.3,17.8,24.7,46.6,2,Piedmont-Triad,Met,1.95
780325,Fairmont High,19.130434782608695,48.69565217391305,78.26086956521739,14.782608695652174,Y,18.3,5,12.2,6.1,5,33.9,18,Sandhills,Not Met,-3.98
780342,Lumberton Senior High,24.576271186440678,46.04519774011299,68.36158192090396,8.192090395480225,Y,19.8,8.2,15,8.2,6.1,34.2,18,Sandhills,Not Met,-3.95
780391,Red Springs High,44.628099173553714,52.066115702479344,75.20661157024794,0,Y,9.1,5,9.1,5,5,24.8,18,Sandhills,Exceeded,2.43
780401,Saint Pauls High,23.24561403508772,51.75438596491229,67.10526315789474,5.701754385964912,Y,15.4,5.7,18,9.2,9.7,33.8,18,Sandhills,Met,0.46
780402,South Robeson High,74.10714285714286,45.535714285714285,81.25,14.285714285714285,Y,7.9,6.2,8,5,5,21.4,18,Sandhills,Not Met,-7.09
780420,Purnell Swett High,3.4246575342465753,48.28767123287671,71.57534246575342,8.904109589041095,Y,12.3,5,11.3,5,5.4,26.7,18,Sandhills,Exceeded,3.85
790314,Dalton McMichael High,69.94535519125684,55.19125683060109,36.6120218579235,6.0109289617486334,N,27.9,13.1,17.5,16.4,9.3,44.3,0,Piedmont-Triad,Not Met,-5.59
790354,John M Morehead High,51.12359550561798,46.62921348314607,49.43820224719101,5.617977528089887,N,20.2,9,17.4,12.4,11.4,39.3,0,Piedmont-Triad,Not Met,-11.08
790366,Reidsville High,29.496402877697843,44.60431654676259,58.992805755395686,4.316546762589923,N,20.1,7.2,15.1,7.9,13,35.3,0,Piedmont-Triad,Met,0.91
790378,Rockingham County High,80.81632653061224,48.57142857142857,30.20408163265306,10.204081632653061,N,25.3,23.3,21.6,16.3,18.2,49,0,Piedmont-Triad,Met,-1.11
800340,East Rowan High,82.35294117647058,47.511312217194565,41.6289592760181,9.502262443438914,N,31.2,14.9,23.5,15.8,15,45.2,1,Southwest,Met,0.92
800361,Carson High,75.91240875912408,44.89051094890511,37.591240875912405,4.37956204379562,N,43.1,19,33.2,26.3,23.4,61.7,1,Southwest,Met,0.2
800376,North Rowan High,36,55.00000000000001,64,8.999999999999996,N,14,7,12,6,14,31,1,Southwest,Not Met,-6.42
800394,Rowan Co Early College,45,23.333333333333332,50,0,N,50,38.3,38.3,38.3,31.7,78.3,1,Southwest,Met,1.23
800396,Salisbury High,23.232323232323232,51.515151515151516,63.13131313131313,4.040404040404044,N,28.3,15.2,20.2,16.7,25.1,38.4,1,Southwest,Not Met,-4
800400,South Rowan High,70.27027027027027,52.25225225225225,50,6.756756756756757,N,19.8,9,16.7,9.5,17.4,35.6,1,Southwest,Not Met,-4.66
800408,West Rowan High,64.75409836065575,54.09836065573771,48.77049180327869,5.737704918032787,N,28.5,14.3,23.8,13.9,14.5,45.9,1,Southwest,Met,-1.76
810324,Chase High School,77.35849056603774,47.79874213836478,30.81761006289308,15.723270440251572,N,30.2,20.8,27.7,16.4,16.4,52.2,0,Western,Exceeded,2.75
810340,East Rutherford High School,71.60493827160494,47.53086419753087,24.074074074074073,14.814814814814813,N,39.9,20.9,25.8,17.3,26.3,52.5,0,Western,Exceeded,2.19
810384,R-S Central High School,77.45664739884393,49.71098265895954,27.74566473988439,13.872832369942195,N,39.9,24.9,31.2,16.8,32.7,57.8,0,Western,Met,-1.86
820348,Hobbton High,40.4040404040404,51.515151515151516,53.535353535353536,9.090909090909093,N,23.2,9.1,21.2,13.1,5,38.4,9,Sandhills,Met,0.26
820349,Lakewood High,44.329896907216494,46.391752577319586,57.73195876288659,9.278350515463918,N,13.4,10.3,11.3,10.3,12.6,40.2,9,Sandhills,Met,0.42
820352,Midway High,61.49732620320856,51.87165775401069,41.711229946524064,4.8128342245989275,N,33.2,16.6,25.7,20.3,27.3,54,9,Sandhills,Met,0.44
820388,Union High,21.568627450980394,58.82352941176471,71.56862745098039,6.8627450980392135,Y,6.9,8.8,9.8,9.8,7,36.3,9,Sandhills,Exceeded,3.85
821308,Clinton High,35.59322033898305,43.50282485875706,46.89265536723164,5.0847457627118615,N,24.3,19.2,19.8,13,22.9,41.2,4,Sandhills,Met,0.8
830343,Scotland High School,30.37974683544304,51.26582278481012,75,10.759493670886076,N,11.7,9.5,12.3,7,16.1,23.1,12,Sandhills,Not Met,-5.39
840302,Albemarle High,33.33333333333333,55.55555555555556,63.33333333333333,16.666666666666664,N,17.8,5,11.1,5.6,13.8,31.1,1,Southwest,Not Met,-2.61
840332,North Stanly High,82.75862068965517,44.827586206896555,34.48275862068966,10.344827586206897,N,29,17.2,24.8,18.6,26.2,51,1,Southwest,Met,-1.34
840356,South Stanly High,73.10924369747899,54.621848739495796,42.857142857142854,6.72268907563025,N,21,16.8,21.8,15.1,34.7,46.2,1,Southwest,Not Met,-4.19
840368,West Stanly High,79.24528301886792,53.459119496855344,37.735849056603776,18.238993710691823,N,25.8,12.6,21.4,17,5.7,47.2,1,Southwest,Met,0.04
850332,North Stokes High,95.45454545454545,53.40909090909091,48.86363636363637,14.772727272727273,N,21.6,14.8,14.8,10.2,9.1,44.3,1,Piedmont-Triad,Exceeded,2.51
850352,South Stokes High,83.05084745762711,55.08474576271186,35.59322033898305,12.711864406779661,N,20.3,10.2,20.3,12.7,17.8,37.3,1,Piedmont-Triad,Exceeded,4.33
850358,West Stokes High,89.59276018099548,52.03619909502263,38.46153846153847,12.669683257918551,N,27.1,13.6,22.6,17.2,14.7,50.2,1,Piedmont-Triad,Met,1.41
860316,East Surry High,82.5503355704698,53.02013422818792,35.57046979865772,7.38255033557047,N,34.9,30.2,34.9,23.5,33.1,58.4,0,Piedmont-Triad,Met,-0.98
860336,North Surry High,70.61611374407583,51.65876777251185,53.55450236966824,8.530805687203792,N,25.5,16.5,21.3,13.3,24.9,45.5,0,Piedmont-Triad,Met,-1.9
860352,Surry Central High,60.35502958579882,50.887573964497044,66.86390532544378,5.9171597633136095,N,29,19.5,24.3,18.9,19.6,52.7,0,Piedmont-Triad,Not Met,-3.39
861308,Elkin High,67.81609195402298,42.5287356321839,33.33333333333333,4.597701149425292,N,58.6,28.7,42.5,28.7,34.9,70.1,0,Piedmont-Triad,Exceeded,2.75
862312,Mount Airy High,76.57657657657657,44.14414414414414,35.13513513513514,6.3063063063063085,N,52.3,30.6,40.5,29.7,34.6,73,0,Piedmont-Triad,Met,-0.22
870314,Swain County High School,69.23076923076923,56.41025641025641,43.58974358974359,13.675213675213676,N,35,17.1,29.1,17.9,22.5,55.6,0,Western,Not Met,-5.26
880308,Brevard High,79.75460122699386,51.533742331288344,34.355828220858896,4.907975460122705,N,39.9,22.7,33.1,31.3,33.3,66.9,0,Western,Exceeded,2.31
880320,Davidson River School,60,80,80,19.999999999999996,N,5,5,5,5,5,10,0,Western,Not Met,-4.3
880328,Rosman High,92.42424242424242,50,39.39393939393939,13.636363636363635,N,39.4,16.7,28.8,22.7,22.7,59.1,0,Western,Met,1.07
900311,Cuthbertson High,80.1909307875895,49.16467780429594,4.534606205250596,3.1026252983293556,N,74,53.2,60.6,48,63.9,88.5,2,Southwest,Exceeded,12.37
900316,Forest Hills High,35.39325842696629,50,54.49438202247191,13.48314606741573,N,16.1,7.3,16.2,10.7,29.7,28.7,2,Southwest,Exceeded,2.1
900336,Monroe High,7.906976744186046,52.093023255813954,72.09302325581395,11.627906976744185,N,10.2,5,7.9,5,15.8,22.8,2,Southwest,Exceeded,2.8
900342,Porter Ridge High School,63.922518159806295,52.300242130750604,25.181598062954,6.5375302663438255,N,44,22.7,29.8,20.3,33.6,62,2,Southwest,Met,-0.1
900344,Parkwood High,78.839590443686,51.877133105802045,23.208191126279864,8.532423208191126,N,39.5,20.7,31.4,21.2,39.4,57.3,2,Southwest,Exceeded,2.31
900348,Piedmont High,82.6923076923077,52.88461538461539,16.666666666666664,5.769230769230769,N,44.6,31.7,40.7,34.6,35,67.3,2,Southwest,Exceeded,5.4
900360,Sun Valley High,61.337209302325576,55.23255813953488,20.348837209302324,11.627906976744185,N,38.6,23.3,32,21.5,43.6,59.6,2,Southwest,Not Met,-2.73
900366,Central Academy of Technology and Arts,72.6829268292683,55.1219512195122,17.073170731707318,2.9268292682926855,N,71.8,58.5,70.4,62.9,63.9,89.8,2,Southwest,Exceeded,6.34
900377,Weddington High,79.3103448275862,52.01149425287356,5.747126436781609,4.310344827586207,N,75.6,62.9,65.8,60.6,66.3,90.2,2,Southwest,Met,0.4
900393,Marvin Ridge High,76.35933806146572,51.77304964539007,5.747126436781609,2.8368794326241136,N,81.8,70.4,66.2,60,73.9,93.4,2,Southwest,Exceeded,9.83
910370,Vance County High School,14.492753623188406,50.24154589371981,54.106280193236714,13.043478260869565,N,6.7,5,8.7,5,7.8,19.3,2,North Central,Not Met,-3.81
920316,Apex High,67.54032258064517,51.00806451612904,10.28225806451613,6.653225806451612,N,65.7,54.8,59.1,48.7,46.1,80,2,North Central,Met,-1.22
920317,Apex Friendship High,71.35416666666666,47.74305555555556,7.291666666666667,5.555555555555555,N,71.4,50.6,56.2,47.7,54.2,81.8,2,North Central,Met,-1.25
920318,Athens Drive High,45.39007092198582,50.59101654846335,34.2789598108747,11.11111111111111,N,48.9,32.5,40.8,29.6,41.9,59.8,2,North Central,Met,1.32
920348,Needham Broughton High,57.85876993166287,51.025056947608206,21.184510250569478,10.478359908883828,N,55.3,43.3,49.4,43.4,47.3,70.2,2,North Central,Not Met,-11.65
920368,Cary High,45.75645756457565,52.398523985239855,26.199261992619927,12.546125461254611,N,51.2,33,44.4,35.2,40.4,67.3,2,North Central,Not Met,-3.96
920386,Crossroads FLEX,69.44444444444444,50,26.199261992619927,0,N,69.4,25,52.8,36.1,52.8,91.7,2,North Central,Not Met,-2.35
920411,East Wake High,30.031948881789138,51.75718849840255,50.798722044728436,10.543130990415335,N,25.5,10.5,20.4,13.7,18.7,39.3,2,North Central,Met,1.48
920412,Enloe High,32.35294117647059,42.830882352941174,24.080882352941178,8.272058823529411,N,62.1,51.7,57.4,52.1,59.8,70.6,2,North Central,Not Met,-3.13
920428,Fuquay-Varina High,62.840466926070036,54.86381322957199,25.291828793774318,7.392996108949417,N,44,32.4,35.7,31.5,33.2,61.9,2,North Central,Met,-0.88
920436,Garner High,29.746835443037973,49.208860759493675,34.96835443037975,8.227848101265822,N,27.4,17.2,24.8,16.6,36,50.3,2,North Central,Not Met,-6.83
920441,Green Hope High,48.65951742627346,47.050938337801604,5.495978552278821,4.021447721179625,N,77.2,69.2,67.6,62.1,62.6,88.3,2,North Central,Met,0.78
920445,Heritage High,65.57377049180327,50.81967213114754,13.348946135831383,8.19672131147541,N,48.4,36.8,39.3,30.4,42.7,68.9,2,North Central,Not Met,-4.1
920455,Holly Springs High,73.19148936170212,47.23404255319149,11.914893617021278,8.085106382978724,N,60.9,39.4,51.9,40.2,45.4,78.3,2,North Central,Not Met,-2.43
920466,Knightdale High,19.03409090909091,50.56818181818182,51.98863636363637,11.363636363636363,N,15.9,6.8,14.7,9.7,18.8,33.5,2,North Central,Not Met,-6.75
920473,Leesville Road High,60.0326264274062,50.89722675367048,15.660685154975528,5.5464926590538335,N,57.3,45.8,46.8,43,44.1,71.9,2,North Central,Exceeded,4.4
920495,Middle Creek High,60.08064516129033,51.81451612903226,19.758064516129032,10.887096774193548,N,53.9,42.3,41.7,40.3,45.9,66.5,2,North Central,Met,0.25
920500,Millbrook High,54.72061657032755,47.01348747591522,23.50674373795761,6.74373795761079,N,53.2,35.1,44.5,38,46.5,68,2,North Central,Met,1.73
920518,North Wake College and Career Academy,24.390243902439025,36.58536585365854,26.82926829268293,7.317073170731703,N,41.5,26.8,24.4,14.6,39,61,2,North Central,Exceeded,4.62
920526,Panther Creek High,46.18973561430793,48.52255054432349,6.6874027993779155,3.8880248833592534,N,78.8,69.4,65.2,59.3,66.6,89.3,2,North Central,Exceeded,3.32
920528,Phillips High,19.354838709677423,61.29032258064516,67.74193548387096,29.032258064516125,Y,5,5,6.5,5,5,16.1,2,North Central,Not Met,-3.02
920546,Rolesville High,29.1497975708502,50.20242914979757,36.23481781376518,8.704453441295547,N,29.6,18.4,21.3,15.2,24.8,49.2,2,North Central,Exceeded,3.93
920552,Sanderson High,55.90909090909091,50.45454545454545,27.954545454545453,9.318181818181818,N,46.4,32.7,41,32.4,30.9,62.5,2,North Central,Exceeded,4.83
920562,Southeast Raleigh High,9.219858156028367,55.319148936170215,58.86524822695035,14.539007092198581,N,16.8,12.2,15.4,11.3,13.7,29.4,2,North Central,Not Met,-4.25
920588,Wake Forest High School,58.0952380952381,48.57142857142857,22.095238095238095,9.142857142857142,N,49.4,31.7,36.9,26.2,39,67.4,2,North Central,Not Met,-2.56
920595,Wakefield High,45.94594594594595,47.52252252252252,22.972972972972975,8.333333333333332,N,50,32.7,35.8,29.7,33,62.6,2,North Central,Not Met,-2.85
92K000,Raleigh Charter High School,65.44117647058823,50.73529411764706,15.686274509803921,0.7352941176470562,N,94.9,88.2,87.5,85.3,77.9,95,0,North Central,Exceeded,5.93
92U000,Longleaf School of the Arts,52.94117647058824,25,15.686274509803921,5.882352941176472,N,58.8,29.4,52.9,35.3,55.2,73.5,0,North Central,Met,0.6
930352,Warren County High,21.53846153846154,44.61538461538462,47.69230769230769,13.846153846153841,N,5,5,5,5,5,10.8,0,North Central,Not Met,-5.58
930700,Warren New Tech High,48,68,47.69230769230769,16.000000000000004,N,36,12,16,8,20,48,0,North Central,Met,1.95
93L000,Central Wake High School,43.47826086956522,30.434782608695656,15.686274509803921,13.043478260869568,Y,8.3,5,8.3,5,NA,17.4,1,North Central,Met,-0.4
940316,Washington County High,14.035087719298245,45.614035087719294,57.89473684210527,7.017543859649122,N,8.8,5,5.3,5,10.9,19.3,4,Northeast,Met,1.08
950336,Watauga High,85.88235294117646,44.31372549019608,18.03921568627451,13.725490196078432,N,58.8,39.2,46.3,36.9,48.2,73.7,1,Northwest,Met,0.01
950338,Watauga Innovation Academy,89.6103896103896,74.02597402597402,24.675324675324674,10.389610389610393,N,45.5,32.5,35.1,31.2,26,70.1,1,Northwest,Met,0.68
960324,Charles B Aycock High,60.36363636363637,53.090909090909086,41.45454545454545,8,N,25.5,14.5,19.3,13.5,11.6,44,8,Southeast,Not Met,-2.86
960330,Eastern Wayne High,32.3943661971831,48.82629107981221,48.82629107981221,7.981220657276995,N,14.6,8,13.1,5,9.4,31.9,8,Southeast,Met,-0.75
960335,Goldsboro High,5.263157894736848,45.26315789473684,92.63157894736842,6.315789473684208,N,5,5,5,5,8.9,11.6,8,Southeast,Not Met,-7.12
960372,Rosewood High,66.3716814159292,61.06194690265486,44.24778761061947,13.274336283185843,N,24.8,15,19.5,15,12.4,49.6,8,Southeast,Not Met,-3.54
960380,Southern Wayne High,31.100478468899524,53.110047846889955,59.80861244019139,4.784688995215311,N,15.3,9.1,16.3,9.6,9.7,32.1,8,Southeast,Not Met,-4.9
960386,Spring Creek High,34.48275862068966,51.724137931034484,60.689655172413794,4.137931034482756,N,17.9,15.2,13.8,11.7,15.9,29.7,8,Southeast,Not Met,-4.71
970320,East Wilkes High School,92.5,51.66666666666667,45.83333333333333,5.833333333333335,N,20.8,15,15,18.3,8.3,50,0,Northwest,Met,-1.9
970356,North Wilkes High School,86.02941176470588,57.35294117647059,38.970588235294116,5.882352941176472,N,27.9,11.8,21.3,16.2,11.3,47.8,0,Northwest,Exceeded,4.75
970388,West Wilkes High School,83.6734693877551,48.29931972789115,37.41496598639456,5.442176870748295,N,45.6,22.4,31.3,26.5,26.2,64.6,0,Northwest,Met,-0.4
970390,Wilkes Central High School,58.95953757225434,58.38150289017341,39.30635838150289,5.780346820809249,N,32.4,17.9,22,14.5,24.3,46.2,0,Northwest,Not Met,-5.43
980318,Beddingfield High,23.88059701492537,50,26.119402985074625,3.731343283582089,N,12.7,8.2,14.9,6.7,6.7,31.3,3,North Central,Exceeded,3.62
980336,Fike High,37.391304347826086,50.8695652173913,12.173913043478262,3.04347826086957,N,34.3,19.1,27.4,17.8,28.3,51.3,4,North Central,Not Met,-3.82
980342,James Hunt High,31.716417910447763,45.52238805970149,18.65671641791045,7.08955223880597,N,26.1,11.2,20.5,13.4,20.7,42.9,3,North Central,Exceeded,3.79
